{
  "acc": 0.83,
  "macro_precision": 0.8469696969696969,
  "macro_recall": 0.8300000000000001,
  "macro_f1": 0.8326662243844906,
  "per_class_precision": [
    0.8888888888888888,
    1.0,
    0.5555555555555556,
    0.8888888888888888,
    0.9090909090909091,
    0.9090909090909091,
    1.0,
    1.0,
    0.8181818181818182,
    0.5
  ],
  "per_class_recall": [
    0.8,
    1.0,
    0.5,
    0.8,
    1.0,
    1.0,
    0.9,
    0.7,
    0.9,
    0.7
  ],
  "per_class_f1": [
    0.8421052631578947,
    1.0,
    0.5263157894736842,
    0.8421052631578947,
    0.9523809523809523,
    0.9523809523809523,
    0.9473684210526315,
    0.8235294117647058,
    0.8571428571428571,
    0.5833333333333334
  ],
  "confusion_matrix": [
    [
      8,
      0,
      0,
      0,
      0,
      0,
      0,
      0,
      0,
      2
    ],
    [
      0,
      10,
      0,
      0,
      0,
      0,
      0,
      0,
      0,
      0
    ],
    [
      1,
      0,
      5,
      0,
      0,
      1,
      0,
      0,
      0,
      3
    ],
    [
      0,
      0,
      1,
      8,
      0,
      0,
      0,
      0,
      1,
      0
    ],
    [
      0,
      0,
      0,
      0,
      10,
      0,
      0,
      0,
      0,
      0
    ],
    [
      0,
      0,
      0,
      0,
      0,
      10,
      0,
      0,
      0,
      0
    ],
    [
      0,
      0,
      0,
      0,
      0,
      0,
      9,
      0,
      0,
      1
    ],
    [
      0,
      0,
      1,
      1,
      1,
      0,
      0,
      7,
      0,
      0
    ],
    [
      0,
      0,
      0,
      0,
      0,
      0,
      0,
      0,
      9,
      1
    ],
    [
      0,
      0,
      2,
      0,
      0,
      0,
      0,
      0,
      1,
      7
    ]
  ],
  "top3_acc": 0.95,
  "top5_acc": 0.98,
  "class_names": [
    "blues",
    "classical",
    "country",
    "disco",
    "hiphop",
    "jazz",
    "metal",
    "pop",
    "reggae",
    "rock"
  ]
}