{
  "silhouette_score": 0.10293470323085785,
  "davies_bouldin_index": 2.4251357381723357,
  "calinski_harabasz_score": 10.010564804077148
}